{
  "lambda": 0.5094969671633839,
  "integral": -0.004228057054550163,
  "prev_error": -0.07972091430435903,
  "threshold": 0.08
}