{
  "static_heuristic": {
    "name": "Static-Heuristic (reference prices)",
    "mean_reward": 3117.230589664383,
    "std_reward": 5.383162550912898,
    "mean_revenue": 334320302.6520703,
    "mean_penalty": 22597243.685632158,
    "mean_final_N_U": 1005.6,
    "mean_final_N_E": 5002.6
  },
  "random": {
    "name": "Random",
    "mean_reward": 5341.799189924181,
    "std_reward": 47.514243822220436,
    "mean_revenue": 556418152.3904533,
    "mean_penalty": 22238233.39803555,
    "mean_final_N_U": 1003.3,
    "mean_final_N_E": 4358.0
  },
  "zero_price": {
    "name": "Zero-Price (F=0, p=0)",
    "mean_reward": -228.02476673135848,
    "std_reward": 4.027296940874997,
    "mean_revenue": 0.0,
    "mean_penalty": 22802476.67313584,
    "mean_final_N_U": 1028.35,
    "mean_final_N_E": 5090.2
  },
  "max_price": {
    "name": "Max-Price (F=100, p=20)",
    "mean_reward": 5870.217538735837,
    "std_reward": 47.660124734533134,
    "mean_revenue": 606322112.2610954,
    "mean_penalty": 19300358.387511566,
    "mean_final_N_U": 921.45,
    "mean_final_N_E": 909.35
  }
}